,Subtype_0,Subtype_1,Subtype_2,Subtype_3
MIMAT0005923,-0.9158574917160055,0.9158574917160055,-2.383003551441251,-1.482580495409989
MIMAT0003882,-2.097052732861771,0.047962615113450145,-0.047962615113450145,-0.2926839572644951
MIMAT0003215,-2.0996605519741554,0.15152715200169745,-0.15152715200169745,-1.3366235190838898
MIMAT0000102,-2.2284026522822047,-0.4492494025204962,0.34807935827405456,-0.34807935827405456
MIMAT0004608,-2.1963114539263535,1.5489582782293212,-1.5489582782293212,-2.0252767596509047
MIMAT0019716,-0.03228360737299727,-2.0817942534506835,0.03228360737299727,-0.2502838143109217
MIMAT0004185,-0.9447079521422257,-2.4261718405204933,0.9447079521422257,-1.2321148618571671
MIMAT0003883,-1.071600195918122,-2.3260830854705667,0.5117074952308277,-0.5117074952308277
MIMAT0014996,-0.07616183546934668,-1.8034387992112415,0.07616183546934668,-1.7337466956752638
MIMAT0000266,-1.2959306133243842,0.794265157132554,-2.388284592968493,-0.794265157132554
MIMAT0022720,-0.20769870495581996,-1.6992332082610073,-1.9428534803115949,0.20769870495581996
MIMAT0019059,-1.6393667427375969,-2.3266645972212885,-1.7575077072975605,1.6393667427375969
MIMAT0005458,-1.2711156870668594,-2.4324552849092527,1.0048218840115906,-1.0048218840115906
MIMAT0026615,-2.1256758102122904,0.36405379218820144,-0.36405379218820144,-1.5739693190593762
MIMAT0004977,-2.1245075372423865,1.6581246093925441,-1.6581246093925441,-2.0826850019100527
MIMAT0000724,-0.819610142527743,-1.909382228516857,-2.155973434368908,0.819610142527743
MIMAT0004605,-0.6601478359413112,-2.369168597846876,0.6601478359413112,-0.89335713018833
MIMAT0000462,-1.9005087477071534,1.4830214696227177,-2.2853154007657626,-1.4830214696227177
MIMAT0025841,-1.536019840635279,-1.4905082774143579,1.4905082774143579,-2.409946528285457
MIMAT0025477,-1.5469252600386048,-0.07468136150579395,-1.9443308464750457,0.07468136150579395
MIMAT0004770,-1.3325055715166443,1.2930180483380986,-2.4458748740647516,-1.2930180483380986
MIMAT0000738,-1.6303629266808617,1.6303629266808617,-2.3528325065936677,-1.6830930540988573
MIMAT0004764,-1.4685121911798589,1.4685121911798589,-1.642144542131843,-2.3895266246456743
MIMAT0000454,-1.7717462237280603,1.7717462237280603,-2.100078839091213,-2.0631314591402106
MIMAT0000421,-0.9706918167091877,-2.388948656745234,-1.5081694246168509,0.9706918167091877
MIMAT0007885,1.507092081598132,-1.8143691785892588,-2.325954389182061,-1.507092081598132
MIMAT0004752,-0.7353351116627691,-2.3090823612826963,0.7353351116627691,-1.552595753018317
MIMAT0005895,-2.069160823080167,1.1339352945696937,-2.133973101833276,-1.1339352945696937
MIMAT0026478,0.054676126359770996,-0.054676126359770996,-1.9829273499536082,-1.452895575829415
MIMAT0002810,-2.4293619385607417,-1.4136980284463219,1.4136980284463219,-1.4549743604532412
MIMAT0026476,-1.9889945225047823,0.3601832467549252,-0.3601832467549252,-1.7855323419423847
MIMAT0005900,-1.1585891104123542,1.1585891104123542,-2.118091405048673,-2.092385808002575
MIMAT0002806,-2.0405717725348405,1.783814098168777,-2.114940674733215,-1.783814098168777
MIMAT0018968,-0.4419137450870764,-0.6340349754207814,-2.286895906855671,0.4419137450870764
MIMAT0003214,-0.15833066747855593,0.15833066747855593,-2.0482884486633903,-1.4681167141947589
MIMAT0019738,0.043640021105798586,-2.039592084385396,-0.07820906132616699,-0.043640021105798586
MIMAT0015071,-0.010030734413905912,0.010030734413905912,-2.086547204655491,-0.3134017229496078
MIMAT0004902,-0.2796810513799078,-1.8478490876850113,-1.8730937143679456,0.2796810513799078
MIMAT0004679,-0.2699478703140767,-0.12462007226938039,-2.1193162670429,0.12462007226938039
MIMAT0015078,-1.036966672080069,-0.19918688291415035,0.19918688291415035,-2.1988110994223473
MIMAT0025843,-1.3108415206375468,-2.207071940318746,1.3108415206375468,-2.0178331278906234
MIMAT0000429,-0.616237415286084,-2.1833707875835793,-0.14517102444858426,0.14517102444858426
MIMAT0018115,-0.6666937589057885,-2.1393047682482336,-0.03834743297779283,0.03834743297779283
MIMAT0005903,-0.7251493839062024,-2.118555092592959,-1.901095706180638,0.7251493839062024
MIMAT0003238,-2.150648317351276,-0.2609262060302544,-1.375631117765496,0.2609262060302544
MIMAT0022708,-0.4799033296192151,-2.216033156750813,-0.2859127947188078,0.2859127947188078
MIMAT0018086,-0.007152929317843851,-2.0448281413013794,-0.1397280530148405,0.007152929317843851
MIMAT0015053,-1.870223735954353,1.870223735954353,-2.049398378431337,-2.0578731246258473
MIMAT0003323,-1.8631117101997847,1.7804597774909452,-2.2369276185800326,-1.7804597774909452
MIMAT0005881,-1.8088090442723115,1.8088090442723115,-2.084288404644143,-2.060169640035743
MIMAT0004658,-1.3483585499653263,1.3483585499653263,-2.062477319850462,-2.173638946250837
MIMAT0019841,-1.6872595600313804,0.32212231823224335,-0.32212231823224335,-2.033741286561966
MIMAT0003220,-1.7353393581586953,1.3835557769726021,-1.3835557769726021,-2.3647093255444287
MIMAT0004565,1.7332418459422552,-2.2727744334024576,-1.7332418459422552,-1.8249071254150455
MIMAT0018068,-2.20766082434193,-0.6406714504168824,-0.20101816433996064,0.20101816433996064
MIMAT0030019,-0.8205826883609167,-2.4086968472387746,-1.1111762075392875,0.8205826883609167
MIMAT0019958,-1.9235642870132634,0.7889207558902408,-0.7889207558902408,-2.131641218146612
MIMAT0019918,-1.7683262835773488,0.9373877530996167,-2.2849556562955216,-0.9373877530996167
MIMAT0018083,-1.066341979850242,1.066341979850242,-2.077103785710477,-2.107566843943112
MIMAT0002875,-1.5551613824333712,1.5551613824333712,-1.7519829227146368,-2.344832452529706
MIMAT0009201,-2.286403078473978,1.4673220863390373,-1.9004919510603762,-1.4673220863390373
MIMAT0003326,-0.9046034442585552,-0.7266176603456251,-2.384276575703533,0.7266176603456251
MIMAT0018360,-2.190082998997831,1.6056279699605354,-1.6056279699605354,-2.0206346328739198
MIMAT0022698,-1.8071512777011363,-1.8813607768956486,1.8071512777011363,-2.2158956097849365
MIMAT0019737,0.3154001119060873,-2.179109058262733,-1.3806824222320144,-0.3154001119060873
MIMAT0031177,-1.1599640355077496,1.1599640355077496,-2.292644872782349,-1.8549204690166254
MIMAT0029782,-1.8289511771500457,-0.1570353807626406,-1.784487796056766,0.1570353807626406
MIMAT0018201,-0.6872704651438291,0.6872704651438291,-2.36809620409856,-1.2235078653417777
MIMAT0002835,-1.4649718995558414,1.4649718995558414,-2.3236811783718476,-1.8273827558299198
MIMAT0015069,-0.06331519524289046,0.06331519524289046,-2.10997665071349,-0.32712490812136735
MIMAT0027467,-0.23065621044044535,-2.1926179021204666,0.23065621044044535,-1.1667261687372779
MIMAT0019900,-2.1827489823818578,1.3597376268341939,-2.052448760063431,-1.3597376268341939
MIMAT0005930,-1.432377613954455,0.22594118853004178,-2.107944393344189,-0.22594118853004178
MIMAT0003287,-0.9449319957620879,-2.3379881083348057,0.9449319957620879,-1.6522034643738663
MIMAT0019201,-1.5126838615814777,0.4489049657233788,-0.4489049657233788,-2.1999901942608044
MIMAT0018356,-0.7774661063554583,-2.394676316672189,0.7774661063554583,-1.1999024278449186
MIMAT0005909,-0.161208198415565,-2.1959819149815267,-0.7146392719976284,0.161208198415565
MIMAT0018993,-1.3753304440841931,1.3753304440841931,-1.4066404455196873,-2.4371210423874103
MIMAT0022496,-2.0256948754725124,1.728463410539618,-2.1509237460011925,-1.728463410539618
MIMAT0014994,-2.194407937597366,1.5313473386005687,-1.5313473386005687,-2.0307008271718545
MIMAT0019229,-0.24563587393911276,-2.219372150713661,0.24563587393911276,-1.0510795842893488
MIMAT0005452,-0.4977881676633361,-0.4500932143076297,-2.2650170107735943,0.4500932143076297
MIMAT0022292,-1.4363006031255243,1.4363006031255243,-2.1930396787555333,-2.0411012690330925
MIMAT0002870,-0.2560445227414529,-2.1238809790986983,-0.14875602492892737,0.14875602492892737
MIMAT0011159,-2.06170162551883,1.0292333597936125,-2.110244659423154,-1.0292333597936125
MIMAT0030017,-1.6825304530114211,-2.3078038231065596,0.8818228271614951,-0.8818228271614951
MIMAT0018961,-1.8292326809571233,-2.3038919655739463,1.609309571684928,-1.609309571684928
MIMAT0026625,-1.737087438932647,-0.7706097409422298,0.7706097409422298,-2.2429619924456006
MIMAT0019772,-1.8069903034364905,1.4935051644634982,-2.33051387521489,-1.4935051644634982
MIMAT0000430,-0.756659732843503,0.0601537802348542,-0.0601537802348542,-2.1506542853498747
MIMAT0019026,-0.6404486432729782,-2.2039694188898102,-0.19161304691298117,0.19161304691298117
MIMAT0021022,1.0049676092319066,-2.4347127529818082,-1.0049676092319066,-1.0570112792266422
MIMAT0017984,-1.0614246967497853,1.0614246967497853,-2.343100384797437,-1.7085491805080688
MIMAT0003273,-0.2342721861875691,-2.1725376924572997,0.2342721861875691,-0.34604226550060424
MIMAT0022928,-0.14053180698672404,-2.1780997917402756,-0.9666110559105497,0.14053180698672404
MIMAT0019879,0.4878444035432987,-0.9302212964846813,-2.3227334744900197,-0.4878444035432987
MIMAT0027682,-1.5376600498897524,1.5376600498897524,-2.203238223253121,-2.018212873201691
MIMAT0019693,-1.137923402036886,1.137923402036886,-1.4765125845689997,-2.4221628530141484
MIMAT0019957,-0.31389375901597294,-2.2603588047231598,0.31389375901597294,-0.8185164805331235
MIMAT0002175,-0.39369755994836175,-1.6538268895433472,0.39369755994836175,-2.100163949367032
MIMAT0014987,-2.1271821467480136,1.2318847415296477,-1.2318847415296477,-2.098576915569212
MIMAT0022297,0.06131719943941829,-2.1503040265715154,-0.06131719943941829,-0.7989118579061967
MIMAT0003306,-1.301929856790359,0.792640131159664,-2.387019208562943,-0.792640131159664
MIMAT0004488,0.13723056238910938,-2.1865044920152807,-0.7552307647925669,-0.13723056238910938
MIMAT0026639,-1.7740406326918783,1.7740406326918783,-2.10297384490169,-2.0588841737978174
MIMAT0019210,0.4623051842610368,-1.7204032946774124,-2.1009150535779995,-0.4623051842610368
MIMAT0018983,0.05022834831745948,-2.1372537062395374,-0.5478704159697928,-0.05022834831745948
MIMAT0027654,-1.2927732082541052,0.9058000266438699,-2.4139308811193114,-0.9058000266438699
MIMAT0019706,-1.682237353774071,1.1429674272772672,-1.1429674272772672,-2.367356178281359
MIMAT0015003,-2.053045077690052,1.859422326952661,-1.859422326952661,-2.0613625836383123
MIMAT0025849,-1.3204123137514898,1.0633882214568107,-2.43569133683506,-1.0633882214568107
MIMAT0003309,-1.3771341503508467,-0.19943477875289375,-2.113918601742989,0.19943477875289375
MIMAT0027541,0.8626433245913371,-0.9281218154963865,-2.409243607430635,-0.8626433245913371
MIMAT0015045,-1.1627058946258637,1.1627058946258637,-2.4458190453588715,-1.2964242717775774
MIMAT0004950,-1.8523502176874873,1.8523502176874873,-1.970483990088924,-2.1363262575624393
MIMAT0018120,0.11356218735044872,-1.1157882403057107,-2.140250743697097,-0.11356218735044872
MIMAT0004920,-1.772549426358042,1.772549426358042,-2.112617381019804,-2.049087761733073
MIMAT0028222,-0.24228948168664147,-0.42905764484679637,-2.1926876548413543,0.24228948168664147
MIMAT0003302,-0.21580619689857172,-2.1448043174849984,-0.25679328988774286,0.21580619689857172
MIMAT0018358,0.8110368122568689,-2.0936874678274755,-0.8110368122568689,-1.9822542190731471
MIMAT0005584,-1.7829586863678137,1.7829586863678137,-1.9015814470325278,-2.214976198956319
MIMAT0022500,-0.747919388197634,-1.31369678758117,0.747919388197634,-2.373056746043666
MIMAT0025460,-1.768790903962646,-2.1958918510252974,1.768790903962646,-1.9423212040284579
MIMAT0005941,-1.6298957562135192,1.217646257291527,-2.3930685964311964,-1.217646257291527
MIMAT0018107,0.019606997953214935,-0.019606997953214935,-2.072225443108331,-0.22953833311958116
MIMAT0002805,-1.268213440759119,1.268213440759119,-1.798351682368079,-2.334780269992201
MIMAT0022491,-1.9555622742351229,0.7683676455073175,-0.7683676455073175,-2.0960574950836635
MIMAT0005882,-1.6533040141728537,1.6533040141728537,-2.0473802635315703,-2.157207294285792
MIMAT0019963,-0.22224940225901144,-2.0687115024193345,0.01484253703313567,-0.01484253703313567
MIMAT0018112,-2.3496451501474693,-1.477119193600152,0.7875147997629546,-0.7875147997629546
MIMAT0002883,0.5222172410113491,-0.5222172410113491,-2.323206551285081,-0.752472355340294
MIMAT0027517,-0.33676001914582393,-2.0927893920472047,-0.014534047695241659,0.014534047695241659
MIMAT0000685,-0.7856013628117532,0.7856013628117532,-2.4018833259858563,-1.0876133057829716
MIMAT0025458,-0.9289629917306956,-2.3372161755234457,-0.5344415528802796,0.5344415528802796
MIMAT0019696,0.5873386340366097,-0.9574312694910827,-2.352964545345119,-0.5873386340366097
MIMAT0005942,-1.5520684529486568,-2.328578480993979,0.7920676383221127,-0.7920676383221127
MIMAT0026482,-1.6852246594234104,-2.1400751239189844,1.6852246594234104,-2.0563261338049643
MIMAT0004612,1.3110838438299983,-1.3110838438299983,-1.3790551207689103,-2.442265177740865
MIMAT0003246,-1.198155561892338,1.198155561892338,-2.391220842010365,-1.6300901714343563
MIMAT0019058,0.15961281707086133,-0.7932913675021596,-2.1966018261935885,-0.15961281707086133
MIMAT0005929,-0.023920689150295715,0.023920689150295715,-2.0748589322715363,-0.23386055387917715
MIMAT0000428,0.36999339876228493,-0.36999339876228493,-0.5492571783976117,-2.2534129423869027
MIMAT0026765,-1.4741825112718305,-2.2779981940474485,1.4741825112718305,-1.9145175312475824
MIMAT0004793,-1.9372121926936092,1.75296274339361,-2.205394762510721,-1.75296274339361
MIMAT0027486,-1.7566302468396662,1.7566302468396662,-2.1632299461565547,-1.9960201450640869
MIMAT0030418,-0.4323588123676949,-2.0195049382058516,-1.8096213816808404,0.4323588123676949
MIMAT0005798,-0.44856287942935696,0.44856287942935696,-2.3026220860982947,-0.7548720131219886
MIMAT0019202,0.8231473191290594,-2.2712306149345207,-1.7200955653470722,-0.8231473191290594
MIMAT0030429,0.3913166697218603,-2.2472368842165946,-1.2752494144513258,-0.3913166697218603
MIMAT0019856,-0.5912255229429713,-1.9757878305935412,-1.977119000566291,0.5912255229429713
MIMAT0019973,0.5768005259181116,-2.3482931882420823,-0.8943838500299656,-0.5768005259181116
MIMAT0004785,-2.038741133117626,0.9637798072373157,-0.9637798072373157,-2.108213827303732
MIMAT0019935,-0.8205011510738656,-2.310090382822721,0.4580073055971231,-0.4580073055971231
MIMAT0011156,0.1254399148656159,-0.662640293706497,-2.178312063805466,-0.1254399148656159
MIMAT0004811,-0.8440892746126163,0.022175423502062787,-2.1280155199506336,-0.022175423502062787
MIMAT0026475,-1.867516694357662,1.867516694357662,-2.0440903771057175,-2.0648326413132354
MIMAT0022833,-2.114633170582758,1.0062419301651833,-1.0062419301651833,-2.048540476872347
MIMAT0019760,-1.2930483404359134,0.900722035618296,-0.900722035618296,-2.412896980035011
MIMAT0022492,-1.5701013171321447,0.41538473669483533,-0.41538473669483533,-2.1568377136897223
MIMAT0021026,-0.4334245859597291,0.4334245859597291,-2.2553550086725047,-0.47142711455212555
MIMAT0018194,-1.6484017811181297,1.1298063838487322,-2.377102417573781,-1.1298063838487322
MIMAT0025462,-0.6839903020837167,-2.2400930236830483,-1.6715715494473165,0.6839903020837167
MIMAT0011777,0.4036108952139155,-0.4036108952139155,-2.2784637317317324,-0.6530748025823871
MIMAT0011160,-1.3258902233219088,1.3258902233219088,-1.3374606513106353,-2.4445723777047736
MIMAT0021083,-0.7697509834900341,-1.9284168983165266,-2.118894655870373,0.7697509834900341
MIMAT0019074,-2.1467760711509767,1.0088696352332829,-1.0088696352332829,-2.0130625424599953
MIMAT0027497,0.12750231380988716,-2.160770831691315,-0.47941912142969706,-0.12750231380988716
MIMAT0014995,0.3857220561187694,-2.28554688631655,-0.8005847547577288,-0.3857220561187694
MIMAT0004929,-0.5048010483100676,-2.1551304053481144,0.10433900350244368,-0.10433900350244368
MIMAT0009199,-1.5114693927827363,1.5114693927827363,-2.3408251773857316,-1.7776867484250751
MIMAT0022298,-0.21838312820870567,-2.221045531034541,0.21838312820870567,-0.8749988434369023
MIMAT0003250,-0.038627595732922876,-2.1393948792959145,0.038627595732922876,-0.7866495365028441
MIMAT0030417,-1.5785136832331572,-0.30248411958834065,-2.085849113196641,0.30248411958834065
MIMAT0022276,-1.664094959408014,-1.1599665080530712,1.1599665080530712,-2.376022993922647
MIMAT0011163,-1.0242173560955792,-0.3945741667577469,-2.2863176990386007,0.3945741667577469
MIMAT0005582,-0.9402431223270558,0.9402431223270558,-2.4263428145202117,-1.2172067085724707
MIMAT0004987,-0.5301920298839026,-2.2302405887573262,0.30378996997928726,-0.30378996997928726
MIMAT0026623,-1.9135922191508188,-1.7855862922270345,1.7855862922270345,-2.2068176061953624
MIMAT0031175,0.37867475539900664,-2.2589513140219037,-0.37867475539900664,-0.5677216088582113
MIMAT0019776,-1.5774583147224766,1.4226532599164385,-1.4226532599164385,-2.4085381066043525
MIMAT0019071,-1.165172225029214,-2.440485228568156,-1.0386106198232934,1.0386106198232934
MIMAT0004560,-1.3931646649022738,1.3931646649022738,-2.4331599185276866,-1.4349336380637399
MIMAT0022473,0.8782441532614862,-0.9230380096078706,-2.410851714866109,-0.8782441532614862
MIMAT0002178,-0.5397062453147055,0.5397062453147055,-2.3383219995326905,-1.0107615686527582
MIMAT0004498,-1.5625001760431136,1.5625001760431136,-2.3589234412710742,-1.7070208436018626
MIMAT0027507,-0.5913469812044103,-2.123341720314662,-1.7980108354023883,0.5913469812044103
MIMAT0005824,-0.47515435476366075,-2.3004919747197605,0.47515435476366075,-0.6669239742332317
MIMAT0027604,-0.9905341079460852,0.9905341079460852,-2.30675549759352,-1.754088480423675
MIMAT0015077,-1.413582259664256,1.413582259664256,-2.132215947929512,-2.110254032889571
MIMAT0004690,-0.5066118230795953,-2.2447711316215604,-1.4681466048540392,0.5066118230795953
MIMAT0021082,-0.9147615576178189,-2.3947570414748993,-1.4283827970405838,0.9147615576178189
MIMAT0022923,-0.14850805508425274,-2.1913065824724813,0.14850805508425274,-0.7428497555643938
MIMAT0019000,-1.781217733932589,1.7103411652385145,-2.298552729876486,-1.7103411652385145
MIMAT0019948,-0.5242703298027366,-1.2870076292315749,0.5242703298027366,-2.3017298462706597
MIMAT0003313,-0.8548936871556811,0.8548936871556811,-2.3709593130741267,-1.4692689565260848
MIMAT0019725,-1.8895524664639884,1.8352596773922702,-1.8352596773922702,-2.1980943188145394
MIMAT0026720,-2.015545000120937,-1.4988042373120352,1.4988042373120352,-2.209427094044811
MIMAT0021021,-1.0398317808524542,0.4671140439533236,-2.312477788365344,-0.4671140439533236
MIMAT0018932,-2.321745938564745,-0.48899493299861585,0.48899493299861585,-0.8657221641415096
MIMAT0015032,-1.7601914333551265,1.7601914333551265,-2.2024000733321465,-1.9375256566819297
MIMAT0019759,-0.5317533478995632,-2.3185557821061624,-0.6928746334881367,0.5317533478995632
MIMAT0005884,-1.6605196577555874,1.6605196577555874,-1.9190204488347986,-2.2458406485953857
MIMAT0018102,0.27131280377699696,-1.9202012614066177,-1.7888857020175803,-0.27131280377699696
MIMAT0019214,-0.7803965791956389,-1.6442186482791952,0.7803965791956389,-2.2901463925210748
MIMAT0027637,-2.3927900267800597,0.8190120518943022,-0.8190120518943022,-0.8330221375944724
MIMAT0019018,-1.1903182337661458,0.8317646940213331,-2.4077134215432117,-0.8317646940213331
MIMAT0004512,0.12624886474870972,-1.201836859395647,-0.12624886474870972,-2.1269702061751135
MIMAT0027454,-0.6059113496232686,-2.3387029497665943,-1.2488483395501702,0.6059113496232686
MIMAT0027368,0.35398643364598786,-0.35398643364598786,-1.3011435886066105,-2.2229852743824408
MIMAT0015031,-0.20582073729915448,-2.0167476904350976,0.20582073729915448,-1.5870003770987056
MIMAT0018119,-1.0063776144105978,-2.395960748952351,-1.50865541191001,1.0063776144105978
MIMAT0005875,-2.2445720737971047,1.4292926990402302,-1.4292926990402302,-1.9712698428307525
MIMAT0002881,-1.4049269980900148,1.4049269980900148,-2.432083808384267,-1.4369028190993618
MIMAT0000262,-0.982835281820333,-1.7294339915167611,0.982835281820333,-2.3160518668827152
MIMAT0018960,-0.040600100716925186,0.040600100716925186,-2.13398129174233,-0.5585532953671752
MIMAT0004676,-0.9622443882222155,0.9622443882222155,-2.0772235824686986,-2.070626624898652
MIMAT0004952,1.1670920112172505,-2.1417611682489155,-2.069221178454659,-1.1670920112172505
MIMAT0018204,-0.1545719907286307,-2.1920797903900593,-0.8752062885536506,0.1545719907286307
MIMAT0022271,0.07394673774028224,-1.7974204952906216,-1.7380301547478343,-0.07394673774028224
MIMAT0000735,1.6579840526554854,-1.6579840526554854,-1.9688071800189628,-2.215194381680208
MIMAT0027505,-1.2478005160353096,1.2478005160353096,-2.3077664323559763,-1.8497457179760908
MIMAT0022925,-1.5113515399101498,1.5113515399101498,-2.32115303527385,-1.824122111638298
MIMAT0019865,-1.4847065719998542,0.5424268092371913,-2.2552368506033815,-0.5424268092371913
MIMAT0004947,-0.08439151168836131,-2.0451196789396793,0.08439151168836131,-1.365041400021311
MIMAT0015008,-1.2488803939486854,1.2488803939486854,-1.7852826113600646,-2.3389311676762095
MIMAT0026606,-2.098772657366384,1.104432003945559,-1.104432003945559,-2.097658281516657
MIMAT0015009,-2.3000383464819856,-0.7952047788484203,0.7952047788484203,-1.6328389006864805
MIMAT0019699,1.4835455179649066,-2.361730582925652,-1.4835455179649066,-1.7290281152433395
MIMAT0019219,-1.9651286465994855,1.31448107718411,-2.2454120650143388,-1.31448107718411
MIMAT0004762,-2.19235446450957,1.6173442032130194,-2.0144032174706097,-1.6173442032130194
MIMAT0004593,-1.3227315800581783,1.3227315800581783,-2.2741658500547293,-1.9210995875602022
MIMAT0018965,-1.876608066549836,-0.5026124618677391,-2.011060729994721,0.5026124618677391
MIMAT0019871,0.07017986664269624,-0.07017986664269624,-2.1255646526556764,-0.39695674943564513
MIMAT0019943,-1.2729364637575504,1.2729364637575504,-2.1075138726368627,-2.1249257874223657
MIMAT0022471,1.7355050494515267,-2.275986187454753,-1.8159535335642878,-1.7355050494515267
MIMAT0024598,-0.6124710017555555,-2.325280694747865,-0.6238278636481822,0.6124710017555555
MIMAT0002823,0.1289527323572034,-2.0622957820260717,-1.394575440362482,-0.1289527323572034
MIMAT0019845,-1.8185329581518315,-0.2700860280346922,0.2700860280346922,-1.8929247161323646
MIMAT0022258,-1.2399136082652609,-1.4799121478355552,-2.4290153027765804,1.2399136082652609
MIMAT0025484,-1.5249805671542027,-2.3879229750946025,0.9862595794208777,-0.9862595794208777
MIMAT0001541,1.0005357440357732,-1.0005357440357732,-2.410443283455293,-1.4357698730902624
MIMAT0019218,-1.4243729029235472,-2.3695486026186976,-1.7182894850691262,1.4243729029235472
MIMAT0015051,-0.6182389697272218,-1.7452198573579127,-2.170554789701395,0.6182389697272218
MIMAT0019748,-0.6634302839728046,-1.9938241954836222,0.6634302839728046,-2.0041983082641224
MIMAT0027103,-0.7392193028552978,-1.8275789130214461,0.7392193028552978,-2.1770436485225213
MIMAT0027649,0.1912808390558797,-0.7320228916603798,-2.209247119140231,-0.1912808390558797
MIMAT0020959,-1.8919433639335692,1.3655588343372445,-1.3655588343372445,-2.2929829024688573
MIMAT0004695,-0.005084898368890308,-0.017289567349425362,-2.0074055168494636,0.005084898368890308
MIMAT0019688,-0.6134776688473319,0.3242557142319516,-2.2487658066471385,-0.3242557142319516
MIMAT0018183,-0.44428345265925534,0.2763640507090339,-2.20637827824999,-0.2763640507090339
MIMAT0026479,0.8382754392761756,-0.8382754392761756,-2.4066039110145185,-0.9388014474136114
MIMAT0005885,-0.37002949691137327,-2.1692332889349872,-0.20684786811696335,0.20684786811696335
MIMAT0022274,-1.468125813996881,1.468125813996881,-1.5589285758255744,-2.408399445331417
MIMAT0003244,-2.166274129475323,-0.1732169133203587,-1.1479940974215166,0.1732169133203587
MIMAT0021117,-0.4204334009953185,-1.4316294818352848,-2.2161253873579723,0.4204334009953185
MIMAT0027650,-1.5172946992585203,1.5172946992585203,-2.37827686116672,-1.6638703764224212
MIMAT0022280,-1.690122350193324,1.6521791461028705,-2.345603793987792,-1.6521791461028705
MIMAT0004928,-0.8973168746218035,-2.2553781919402662,0.3014508267837005,-0.3014508267837005
MIMAT0022838,-0.688559091013654,0.688559091013654,-0.9127807576796332,-2.3767777865185797
MIMAT0022482,-0.8029108207451146,0.8029108207451146,-2.2010832233263584,-1.832844237101945
MIMAT0022862,-0.7140680727238904,0.7140680727238904,-2.382408357372526,-0.9150114178641936
MIMAT0022695,1.7587157474605795,-2.288374637866912,-1.7587157474605795,-1.7652148610447331
MIMAT0026617,-2.295226590967545,0.906728358801236,-1.7279076961026172,-0.906728358801236
MIMAT0003336,-1.5657985485298078,0.9495953259904883,-2.3684373494787687,-0.9495953259904883
MIMAT0022924,-1.4565207892813172,1.4565207892813172,-2.270436675286418,-1.9290846572620877
MIMAT0022705,-0.09952648788479562,0.08396025723002523,-2.0592505398118015,-0.08396025723002523
MIMAT0011161,-0.6992215195388312,-0.20840957240678565,-2.2146987757885297,0.20840957240678565
MIMAT0018203,1.1713952690432554,-2.2724199240965475,-1.8937967462537344,-1.1713952690432554
MIMAT0022257,-0.2120828367199876,-2.1834673002032168,-0.43267842596372824,0.2120828367199876
MIMAT0019047,1.4172381381739416,-2.3484486162553315,-1.7755161046618482,-1.4172381381739416
MIMAT0004548,0.11225037896682928,-2.1294942130707666,-0.11225037896682928,-0.33446277410540426
MIMAT0004592,-0.43956530862226895,0.43956530862226895,-2.2972381957792005,-0.7254459283631727
MIMAT0019911,-1.5446005514636418,1.3815090975653304,-2.4174429166706934,-1.3815090975653304
MIMAT0004959,-1.3913891561471157,1.3913891561471157,-2.4288045324354512,-1.4719639741047474
MIMAT0014979,-0.6437439890132816,-2.2300014328495683,0.6437439890132816,-1.655999697095023
MIMAT0003235,-1.9757122931104152,-2.146209578240218,1.8267560027393686,-1.8267560027393686
MIMAT0004772,-1.9306776414939546,1.9043115519374292,-1.9043115519374292,-2.133480448753659
MIMAT0018104,-1.1333105335294402,0.7968455354023664,-2.4031120689737904,-0.7968455354023664
MIMAT0015075,-0.44778103256780943,0.22164318786769416,-2.189438334693022,-0.22164318786769416
MIMAT0000273,-0.30564857986871313,-2.0164474230876883,-1.6962722814590248,0.30564857986871313
MIMAT0005943,-1.3673975071907722,0.7995716309037363,-2.378085111412914,-0.7995716309037363
MIMAT0019873,0.7238824356412927,-0.7238824356412927,-2.2109275966401065,-1.7604294349574185
MIMAT0028118,-0.10734123131259396,0.10734123131259396,-1.1132264743676101,-2.1372893164050515
MIMAT0004953,-1.4667751056183245,1.4667751056183245,-1.9432544770313962,-2.261211045700732
MIMAT0019728,-0.02134907052989212,-2.076691394610681,-0.2459816269608038,0.02134907052989212
MIMAT0026718,-1.817119194364092,-1.648210431275424,-2.3007198607105304,1.648210431275424
MIMAT0026481,-1.424972276478384,1.086009027685565,-1.086009027685565,-2.425164248551177
MIMAT0028122,-0.06484105581153653,0.06484105581153653,-1.6205085533738601,-1.88669767459095
MIMAT0005883,-0.3502024452684607,-2.199325363123006,0.3502024452684607,-1.3752294990161624
MIMAT0030421,-1.2226442766558872,1.195781320616122,-2.449245485620804,-1.195781320616122
MIMAT0027463,0.6695942540422626,-2.0887689801403035,-1.9025630364225892,-0.6695942540422626
MIMAT0017991,-1.6919343994336085,1.2366354645888633,-2.374727857177826,-1.2366354645888633
MIMAT0001412,-0.06848405732775753,-2.0650137834938582,0.06848405732775753,-0.13578315246274164
MIMAT0004805,-2.0846862140501705,-1.6288830823416733,1.6288830823416733,-2.1305593933382503
MIMAT0002852,-1.1622171149363671,-1.6012516223062283,-2.395754996617169,1.1622171149363671
MIMAT0003945,-1.6603070764851784,1.6603070764851784,-2.339530865337319,-1.7036429710039338
MIMAT0004284,-2.068665328068295,0.9953476612695474,-2.091726165747891,-0.9953476612695474
MIMAT0004761,-1.330424460504789,1.330424460504789,-2.429475863262097,-1.4839550197755977
MIMAT0007400,0.7509274837297678,-1.0614578045769518,-2.394595303759636,-0.7509274837297678
MIMAT0019931,0.13432100271291997,-2.1822374593617493,-0.8793427907260316,-0.13432100271291997
MIMAT0005583,-1.6867577732025305,1.6867577732025305,-2.1828053545592003,-2.0029527159297773
MIMAT0026618,0.6417421013569351,-2.363073479162325,-0.866501784209443,-0.6417421013569351
MIMAT0018975,-1.8061726972949286,1.7160994514127283,-2.286571361916927,-1.7160994514127283
MIMAT0018074,-2.196313267791968,1.8592011791869485,-1.8707834232420175,-1.8592011791869485
MIMAT0027531,-1.9877253135221755,1.9391547445927013,-1.9391547445927013,-2.0650516817573306
MIMAT0019808,-1.2471356238741542,-2.4018981717141803,-1.6062513489119277,1.2471356238741542
MIMAT0018195,-1.25727378911262,1.25727378911262,-2.252797210705955,-1.9455093104893468
MIMAT0004768,-1.707465903193162,1.707465903193162,-2.2728546867511548,-1.842752550128956
MIMAT0000729,-0.1779610198565937,0.1779610198565937,-1.2521919436386608,-2.1429006688676693
MIMAT0019955,-0.4043365956800865,-2.285115736521697,0.4043365956800865,-0.7109784217288225
MIMAT0019739,-1.3924302689312418,1.3913561294341055,-2.437198661706331,-1.3913561294341055
MIMAT0026559,-0.026172791854859875,0.026172791854859875,-2.120425053632604,-0.9437820313063141
MIMAT0022844,1.123828115345822,-2.3617558447042866,-1.123828115345822,-1.6896047905479392
MIMAT0003332,-0.2077664513826345,0.2077664513826345,-2.171803803356766,-1.2055861305108329
MIMAT0019807,-1.7535613312485836,1.7535613312485836,-1.9581312045125683,-2.1914951949357375
MIMAT0019060,-0.39271449898702876,-2.29004962966509,-0.920648461766084,0.39271449898702876
MIMAT0017981,0.2862503343926587,-2.173195316027322,-0.2862503343926587,-1.3509446217294827
MIMAT0026616,-0.42185924440401107,-2.220424763806523,0.34042781001551525,-0.34042781001551525
MIMAT0025845,0.17874387917504356,-2.162247151558109,-0.38119090835796493,-0.17874387917504356
MIMAT0027357,-0.8136760623072755,0.3741385883374354,-2.2821169984775143,-0.3741385883374354
MIMAT0003233,-1.7921463943112919,1.7475482131551145,-2.2818757272229027,-1.7475482131551145
MIMAT0015035,-2.026185296530854,1.7334693449832805,-2.148632344179732,-1.7334693449832805
MIMAT0019756,0.6329534457078695,-2.353333155925885,-0.6329534457078695,-0.7830490758974352
MIMAT0021124,0.08414199913000825,-2.1614499074712836,-0.7995045958471871,-0.08414199913000825
MIMAT0019211,-1.9743869595011219,1.578864962764834,-2.228457305294194,-1.578864962764834
MIMAT0004698,-2.1814555246370357,1.7780938974249614,-1.9582273632333094,-1.7780938974249614
MIMAT0027369,-0.387114996286427,0.3604432197769489,-2.2177739789347544,-0.3604432197769489
MIMAT0005924,0.14686790879940662,-0.14686790879940662,-1.478019733853818,-2.0356056088487335
MIMAT0019820,-1.8737290385784353,1.8559431498512415,-2.1964171006616455,-1.8559431498512415
MIMAT0027521,-1.6201424781761116,1.5541309585668106,-2.3839799951728984,-1.5541309585668106
MIMAT0000442,-1.5977814523992329,-2.259417810908136,1.5977814523992329,-1.9197197385992009
MIMAT0022472,0.765967393151104,-0.8647092501765393,-2.388169277909049,-0.765967393151104
MIMAT0027659,0.43006061880806595,-2.2970870450414163,-0.43006061880806595,-0.7560767540442017
MIMAT0027395,-0.24511439364064633,-2.1155388728930142,0.13167403061660732,-0.13167403061660732
MIMAT0004562,-0.658665396361442,-2.372073831137801,0.658665396361442,-0.9699300441159378
MIMAT0004792,-1.5032108961226704,0.9997440639617418,-2.395996898035387,-0.9997440639617418
MIMAT0022711,-1.0005628659470616,1.0005628659470616,-2.4358896607454583,-1.193338139036097
MIMAT0018072,-2.0335468613869607,1.3112617556561907,-2.1947682907214725,-1.3112617556561907
MIMAT0019812,-0.7558233613446653,0.7558233613446653,-2.3689755130989707,-1.3503074694930233
MIMAT0017986,-1.6164383376091385,1.6164383376091385,-2.352785998963927,-1.6938501019033023
MIMAT0000726,-0.33242382931646036,-2.198297263513387,-0.3378289809394376,0.33242382931646036
MIMAT0004765,-1.791496565331553,0.7734872295556511,-0.7734872295556511,-2.214065286407885
MIMAT0019747,-1.068900942494634,-2.4378529476837385,1.035095214799289,-1.035095214799289
MIMAT0027375,-1.577823789233127,-0.7417860388319149,0.7417860388319149,-2.302366655509977
MIMAT0018197,-0.3589318951233841,0.3589318951233841,-2.2622045783789453,-1.1151443966807713
MIMAT0000687,-0.8035925702450003,0.540714443538682,-0.540714443538682,-2.332867217115754
MIMAT0002844,-1.6829155993962435,0.26700272897485294,-1.998502077317958,-0.26700272897485294
MIMAT0004957,-0.9585851369870746,-2.4289611407767073,0.9585851369870746,-1.2216944802841356
MIMAT0005826,-0.9879356992931705,0.9879356992931705,-2.4294790216081115,-1.2782905749195776
MIMAT0019220,-0.7116329727603162,-1.8282640130032186,-2.1638962152194803,0.7116329727603162
MIMAT0017352,-1.893392051019098,-1.6114543701026431,1.6114543701026431,-2.271568644575336
MIMAT0018089,0.09551795202194924,-2.076149936386843,-0.09551795202194924,-1.3041477462133635
MIMAT0027495,-1.7740318553368641,1.507198669129246,-2.342736560135575,-1.507198669129246
MIMAT0005905,-1.5805415619157626,1.5165468216580837,-2.3982778369444904,-1.5165468216580837
MIMAT0020925,-2.120290716158115,-2.106709027000528,1.2377821943169993,-1.2377821943169993
MIMAT0019920,-0.6643945605250383,0.6643945605250383,-0.8600060039210948,-2.367727946126171
MIMAT0025470,-0.1871073937899728,-2.2076870916380282,0.1871073937899728,-0.8592428327005056
MIMAT0003254,-0.7091057430791761,-2.362187970583866,-1.3101645912932798,0.7091057430791761
MIMAT0004778,0.07769087132464501,-2.0814846370540407,-0.07769087132464501,-1.2556341080944902
MIMAT0015073,0.7385369971221992,-1.4091213278884136,-2.3514976952775073,-0.7385369971221992
MIMAT0019768,-2.086530873550505,0.5828180685450643,-0.5828180685450643,-1.8432701041355852
MIMAT0005892,-0.8964268277843912,0.8964268277843912,-2.4071181964946105,-1.332133828570692
MIMAT0031179,-2.285541811870547,1.3971567819984496,-1.3971567819984496,-1.9058069259206039
MIMAT0019052,-1.1046431755243244,-2.181926733946042,-2.0043489965566317,1.1046431755243244
MIMAT0021017,-1.2684454198234107,-2.042404071787255,-2.182838404057678,1.2684454198234107
MIMAT0027510,-0.173904146306418,-2.0718244745586594,-1.4398549325784817,0.173904146306418
MIMAT0019954,0.3337447030140005,-2.001632832264918,-1.7446037883322263,-0.3337447030140005
MIMAT0004613,0.4004846734276325,-1.0137447835824684,-2.2893262793015325,-0.4004846734276325
MIMAT0026736,-1.9731514378523656,1.4044913395165879,-1.4044913395165879,-2.2435577172906225
MIMAT0004510,0.5334645623763296,-2.3296512433567393,-1.1201751011216625,-0.5334645623763296
MIMAT0022270,-0.05341963399504553,-1.504497256099247,-1.953492675592177,0.05341963399504553
MIMAT0027567,-0.5739631247368202,-2.2475498990964877,0.5739631247368202,-1.543531184683275
MIMAT0019011,-1.2254169122844183,1.2254169122844183,-1.7815910166875815,-2.338159851264401
MIMAT0022293,-0.8650324436522584,-2.3258906669844124,0.5027509791287579,-0.5027509791287579
MIMAT0003245,-1.9214062867600894,1.9214062867600894,-2.127302479852075,-1.9232085764207674
MIMAT0030999,-1.0525206400683615,1.0525206400683615,-2.437905238036753,-1.2780331253453225
MIMAT0019924,-0.9065179146057609,-2.3917633211755525,0.7649360435094898,-0.7649360435094898
MIMAT0006764,1.7270671633648387,-1.7270671633648387,-2.1635620387707943,-2.010462194467216
MIMAT0002834,-0.3677521119788778,-0.557201146030023,-2.254070315503755,0.3677521119788778
MIMAT0022468,-0.12271972721717854,-2.0784513740361703,-0.12267961037387462,0.12267961037387462
MIMAT0020924,0.1664041167090699,-1.8681266509663783,-1.7503611733687,-0.1664041167090699
MIMAT0018004,-0.11790542161588215,-2.058333441016172,-1.386758672735294,0.11790542161588215
MIMAT0027608,-0.47331452793023565,-2.316340279212712,0.47331452793023565,-0.8515774260513987
MIMAT0005902,0.4200620642177408,-0.9408330413396526,-2.299609749141724,-0.4200620642177408
MIMAT0018001,0.16403344519346885,-1.856826864065195,-0.16403344519346885,-1.7608668739648163
MIMAT0019061,-1.4742130250931258,1.4742130250931258,-2.4192608226332224,-1.4872772650294814
MIMAT0018071,-1.7496543873926764,1.6173557072986093,-1.6173557072986093,-2.3343812701999105
MIMAT0005933,-1.1501040588274032,1.0893811973865568,-2.444444436140914,-1.0893811973865568
MIMAT0005874,-0.37263118456935007,-2.152889779856292,-0.15647231652094648,0.15647231652094648
MIMAT0025483,-0.8735969357149278,0.8735969357149278,-1.685970165305965,-2.30376481689467
MIMAT0017987,-1.6118705824575186,1.025885786688435,-2.3708662222648402,-1.025885786688435
MIMAT0018925,-0.8130361765321599,0.5782905547077639,-0.5782905547077639,-2.343426455185922
MIMAT0004595,-1.0213222992030484,-2.4025217526827287,-1.4922027148775818,1.0213222992030484
MIMAT0019904,0.9876571445608808,-1.5594570433070907,-2.378841531579311,-0.9876571445608808
MIMAT0030425,-1.7403054468309287,0.33226240993198547,-2.0037583263717393,-0.33226240993198547
MIMAT0019206,-1.645490688183694,1.2108635766741183,-2.3877393734947816,-1.2108635766741183
MIMAT0019981,-1.5157050243410155,1.5157050243410155,-2.3863779672183543,-1.6338723632113634
MIMAT0022709,-1.4381558356216204,0.3532432709645046,-0.3532432709645046,-2.178959225030351
MIMAT0025463,-0.28478805630970117,0.28478805630970117,-2.190797985099976,-0.36023365083214964
MIMAT0003333,-1.6616679584313963,1.6616679584313963,-1.7827264729094914,-2.3116683752121197
MIMAT0027589,-0.054911980421979485,-2.1319335893981415,-0.48144985378364574,0.054911980421979485
MIMAT0011775,-1.6695422364741912,-2.361023418185082,1.0768127926362132,-1.0768127926362132
MIMAT0005893,-0.9710595246262762,0.9710595246262762,-2.2920415886197376,-1.77362072352913
MIMAT0003165,-1.361272726697557,-2.3525100420617022,1.361272726697557,-1.767112140540024
MIMAT0019867,-1.7138724607166211,-2.3422417627133423,1.6362107400687025,-1.6362107400687025
MIMAT0002173,-1.0830374911101588,1.0830374911101588,-2.3124136032750546,-1.7878683489249099
MIMAT0015015,-0.925102558003597,-2.413205260469877,0.8955382386918356,-0.8955382386918356
MIMAT0019232,0.44649831722743394,-2.2576644441992912,-0.44649831722743394,-0.46766070399462184
MIMAT0005789,-0.03972109265870219,-2.0149308349062496,0.00598865109002132,-0.00598865109002132
MIMAT0019225,0.09141843221221732,-2.1643147540288026,-0.09141843221221732,-0.8201757584854211
MIMAT0003275,-1.4570025396818571,0.5850234161162821,-0.5850234161162821,-2.2826939909863384
MIMAT0000773,-1.028655012795176,1.028655012795176,-1.8887564808073818,-2.2434619368775404
MIMAT0030419,-2.228837309323164,1.2891232426884631,-1.985708930700443,-1.2891232426884631
MIMAT0003283,-1.5056965291209796,1.5056965291209796,-1.7282898750678075,-2.3597207414991037
MIMAT0019712,-1.0455020351707793,0.7554674172501504,-0.7554674172501504,-2.395634871970962
MIMAT0015070,0.3219291604064327,-1.4226825142875779,-2.1676825360413843,-0.3219291604064327
MIMAT0022706,-1.6536111794242936,-2.2476792068298184,1.6536111794242936,-1.9188839101134547
MIMAT0004609,0.3289729745791251,-2.2502612985310964,-0.3289729745791251,-0.613211418442969
MIMAT0000734,0.282607420439839,-2.219709703041624,-1.1611508130236088,-0.282607420439839
MIMAT0019769,-1.8438750748664583,1.2242553052520646,-2.308079938939455,-1.2242553052520646
MIMAT0015054,-0.21335116549145308,-2.2196475855483007,-0.7782001865301971,0.21335116549145308
MIMAT0019896,0.8834944555078178,-2.2693657571051227,-0.8834944555078178,-1.7654936116025572
MIMAT0026734,-1.4732419991223138,-2.2088402885955483,0.4358845755164262,-0.4358845755164262
MIMAT0019847,1.0626633932225458,-1.9874290732732114,-2.1839698322631165,-1.0626633932225458
MIMAT0015020,-1.1655864834612295,-2.3605856841997155,0.641632438784165,-0.641632438784165
MIMAT0019878,-0.010850185876462737,-2.1152009087547854,-0.9168667631539168,0.010850185876462737
MIMAT0018950,-2.2444938682262396,-1.400232159709764,1.400232159709764,-1.9717498722799451
MIMAT0004607,1.1690264226835614,-1.9167050343191012,-1.1690264226835614,-2.257957434913165
MIMAT0019894,0.8084189324317429,-2.4055020443245216,-0.8084189324317429,-1.1357508632419242
MIMAT0005889,-2.051512080291326,1.960214900535233,-1.960214900535233,-1.9837785863385307
MIMAT0025851,-1.1787015593516001,1.1787015593516001,-2.4288839974096823,-1.4591986770615437
MIMAT0015072,0.8934424336123863,-1.5305544992352647,-0.8934424336123863,-2.3648122124758673
MIMAT0026558,-1.0421305136754995,1.0421305136754995,-1.9383458272042684,-2.2143438306072243
MIMAT0005916,1.2475132338470396,-2.397387916615456,-1.2475132338470396,-1.6226870644182774
MIMAT0004958,-1.4497218606189322,1.4497218606189322,-2.308212682305609,-1.8612696177099264
MIMAT0019864,-1.523101309487984,1.324358643694657,-2.422884476189798,-1.324358643694657
MIMAT0005580,0.5232225845917948,-1.818339441075453,-0.5232225845917948,-2.070232465947491
MIMAT0019982,-1.4430071089842618,1.4430071089842618,-1.8564947649595571,-2.3109281610251706
MIMAT0022296,0.06714155469502883,-2.094348349856827,-0.06714155469502883,-0.24926674958113793
MIMAT0011157,0.13166745783689934,-2.137939645829434,-1.1711303675463427,-0.13166745783689934
MIMAT0027530,-1.3607789228650684,1.3607789228650684,-1.9215259622703733,-2.2757354233524443
MIMAT0027458,-1.6090623221553586,-2.3818684323159025,-1.5801029928274648,1.5801029928274648
MIMAT0025855,-1.676724388504703,1.676724388504703,-2.312164334015334,-1.7711962260695753
MIMAT0018000,-1.0141084320183753,1.0141084320183753,-1.7773346761562987,-2.30163646728333
MIMAT0000422,-1.9818289096126838,1.3120017389832237,-1.3120017389832237,-2.233693359895136
MIMAT0019700,-1.1161856910707144,1.1161856910707144,-2.429110275092981,-1.4219336067186992
MIMAT0004975,-1.4825598379277714,0.5524283414064649,-0.5524283414064649,-2.2604088480277036
MIMAT0019216,0.42838239339642864,-2.2575026955021125,-0.48732497340406683,-0.42838239339642864
MIMAT0019823,-0.2700745834900939,-1.3359741887347991,0.2700745834900939,-2.169171384087422
MIMAT0005919,-0.4857927270899643,-2.143433535894414,0.08144542813116827,-0.08144542813116827
MIMAT0018186,-2.168087491128854,-0.1200319307341537,0.1200319307341537,-0.5621989091747119
MIMAT0027363,-0.266264709213363,-2.23898133451676,-0.9393355614167755,0.266264709213363
MIMAT0027354,0.6267581575981319,-2.355486179230389,-0.8172469359530453,-0.6267581575981319
MIMAT0019970,-1.7783984441060912,1.3049051958032798,-2.34607075324256,-1.3049051958032798
MIMAT0027428,-1.2006802584280842,0.5841939759021889,-2.338138948307261,-0.5841939759021889
MIMAT0003301,-2.395153283596019,1.482956207758676,-1.6137972163150398,-1.482956207758676
MIMAT0002859,-0.5854682382431406,-1.9745823497905086,-1.9745823497905077,0.5854682382431406
MIMAT0019910,-1.87699193752049,-0.7189809555949064,0.7189809555949064,-2.1335651121519534
MIMAT0002816,0.6214981663460061,-0.6214981663460061,-2.01936469664151,-1.9515019712992903
MIMAT0017999,-1.1516950083049349,1.1516950083049349,-2.4465394429854013,-1.2706583214763614
MIMAT0000770,1.848949154908116,-2.1758417889786164,-1.9151786088059854,-1.848949154908116
MIMAT0018198,-0.575398414719353,-1.3509274182358204,-2.3077705134132938,0.575398414719353
MIMAT0005577,-2.2333160979069038,1.6794850243856012,-1.6794850243856012,-1.9313946732447664
MIMAT0018075,0.2817018498312632,-2.235076285890537,-1.059436943536678,-0.2817018498312632
MIMAT0022714,-1.6386353991660212,-2.392150388886936,1.4483822546971894,-1.4483822546971894
MIMAT0015028,0.3866078410874368,-2.229691404388228,-0.4092325503082092,-0.3866078410874368
MIMAT0021023,-1.6930825615182465,1.6930825615182465,-2.240658628893422,-1.9123870172569533
MIMAT0019724,-0.345551165488505,-2.145293816023372,-0.15066241193502838,0.15066241193502838
MIMAT0022700,-1.4000315221445132,1.4000315221445132,-2.2359330657254146,-1.9842241046548217
MIMAT0005906,-0.02899697046270827,-0.6864504166664367,-2.135345365784978,0.02899697046270827
MIMAT0026743,-0.6540442841692388,-1.3182956077424324,-2.3430843858548243,0.6540442841692388
MIMAT0021086,-1.1348920662091,1.1348920662091,-2.4469408718804475,-1.1572576568543247
MIMAT0019862,-0.17092008390135896,-2.1345197141182077,-0.27008766985999055,0.17092008390135896
MIMAT0018976,-1.3207924476931066,1.3207924476931066,-2.3781689556025576,-1.6957203905651517
MIMAT0004751,-1.6766259217454007,1.6766259217454007,-1.7001587971665022,-2.3362571285284
MIMAT0004511,0.8453054272937708,-0.8453054272937708,-2.4136421325807667,-1.0793120680230712
MIMAT0019001,-1.1499159651231654,-2.434870733384739,0.9862409044444412,-0.9862409044444412
MIMAT0015084,-0.37808984453871214,-1.3939533621829452,0.37808984453871214,-2.207531698582774
MIMAT0025474,-0.8268303653355491,0.6566014486222322,-2.3630772464094503,-0.6566014486222322
MIMAT0004919,0.4864103528255312,-2.1028362610030444,-1.7396035896430333,-0.4864103528255312
MIMAT0019053,-1.474757448306978,1.474757448306978,-2.4071211496406235,-1.5619198680649904
MIMAT0019782,-0.09443426912794312,-2.1320718350998917,-1.1032688774318602,0.09443426912794312
MIMAT0000265,0.7616021898183633,-2.143896253954258,-1.890558548297643,-0.7616021898183633
MIMAT0018191,-1.0238776252868633,1.0238776252868633,-2.4254102228915815,-1.3655467025711954
MIMAT0004487,-0.2086637798705206,-2.1257082447863556,-0.1958814453436892,0.1958814453436892
MIMAT0019926,-1.3363786067501062,0.29827486750446497,-0.29827486750446497,-2.1843240907122166
MIMAT0003311,1.0972656201670428,-1.5786238479487087,-2.393406781654935,-1.0972656201670428
MIMAT0004516,-1.156083729230275,-2.447127836649352,-1.1405510125128007,1.1405510125128007
MIMAT0001629,-1.413098317491256,1.413098317491256,-1.9709106376995937,-2.2450446770597874
MIMAT0019849,-1.87620907993094,1.3015369918618098,-1.3015369918618098,-2.29853037114111
MIMAT0019770,-1.9787344409023442,1.4309187786459823,-2.239472337924089,-1.4309187786459823
MIMAT0015027,-0.9716945264021364,0.4867868389022017,-2.322063243067107,-0.4867868389022017
MIMAT0017996,0.6460486118105736,-2.2565426110839932,-1.598911860864273,-0.6460486118105736
MIMAT0027361,-1.8309333966173713,1.8309333966173713,-1.9867547227322755,-2.1356857910624396
MIMAT0003881,-1.6036738093784342,1.6036738093784342,-2.3102395761643426,-1.8174896174211008
MIMAT0004517,-0.9683040835614507,-2.42908857068955,0.9683040835614507,-1.244067881244405
MIMAT0004674,-1.470294769142683,-2.1281609981651304,-2.1126911063448364,1.470294769142683
MIMAT0026742,-1.7038353082641466,0.03993881697055535,-0.03993881697055535,-1.797225621625638
